# phpMyAdmin MySQL-Dump
# version 2.3.2
# http://www.phpmyadmin.net/ (download page)
#
# Host: localhost
# Generation Time: Mar 28, 2003 at 11:34 PM
# Server version: 3.23.53
# PHP Version: 4.3.0
# Database : `phphotoalbum`
# --------------------------------------------------------

#
# Table structure for table `albums`
#

CREATE TABLE albums (
  album_id int(10) NOT NULL auto_increment,
  title varchar(30) NOT NULL default '',
  description varchar(200) NOT NULL default '',
  createdate timestamp(14) NOT NULL,
  hits int(10) NOT NULL default '0',
  mainthumb varchar(100) NOT NULL default '0',
  path varchar(100) NOT NULL default '',
  PRIMARY KEY  (album_id)
) TYPE=MyISAM;

#
# Dumping data for table `albums`
#

INSERT INTO albums VALUES (1, 'creator and webmaster', 'The author of PHPhotoalbum and webmaster', 20030326220836, 35, 'amigos.jpg', 'creator and webmaster');
INSERT INTO albums VALUES (2, 'turntable pictures', 'Some cool tables here!', 20030326180551, 12, 'vestax_turntable.jpg', 'turntable pictures');
INSERT INTO albums VALUES (3, 'cool pictures', 'Some funny pictures', 20030327002129, 22, 'konijn.jpg', 'cool pictures');
INSERT INTO albums VALUES (4, 'nice wristwatches', 'Some very very nice watches', 20030327001954, 6, 'yac_big.jpg', 'nice wristwatches');
INSERT INTO albums VALUES (5, 'family', 'Family ties', 20030327002057, 32, 'xuan2.jpg', 'family');
INSERT INTO albums VALUES (6, 'friends', 'Central Perk', 20030327171917, 23, 'wij.jpg', 'friends');
INSERT INTO albums VALUES (7, 'rnb stars', 'Some RnB stars', 20030327002003, 15, '0015.jpg', 'rnb stars');
INSERT INTO albums VALUES (8, 'discotheek pinky crew', 'The Crew', 20030327172116, 40, 'rob trung 11.jpg', 'discotheek pinky crew');
INSERT INTO albums VALUES (9, 'ivanka', 'Nice girl', 20030327001905, 47, 'sexy.jpg', 'ivanka');
INSERT INTO albums VALUES (10, 'erdogan wintersport', 'wintersport vakantie 2003', 20030326221236, 43, 'groepsfoto_1_ilknur ankie muhlis remi rasih ramazan en fatma.jpg', 'erdogan wintersport');
INSERT INTO albums VALUES (11, 'emilia vakantie fotos', 'Rimini 2002\r\n\r\n', 20030326221348, 33, '5.jpg', 'emilia vakantie fotos');
INSERT INTO albums VALUES (12, 'cool watches fsdf sdfds', 'fdfdsfsdf sd', 20030328232309, 0, 'yac_big.jpg', 'cool watches');
# --------------------------------------------------------

#
# Table structure for table `comments`
#

CREATE TABLE comments (
  photo_id int(10) NOT NULL default '0',
  comment varchar(200) NOT NULL default '',
  user_id int(10) NOT NULL default '0',
  username varchar(100) NOT NULL default '0',
  timestamp timestamp(14) NOT NULL
) TYPE=MyISAM;

#
# Dumping data for table `comments`
#

INSERT INTO comments VALUES (1, 'this is a test comment', 1, '1', 20030324231018);
INSERT INTO comments VALUES (0, 'dsfdsfsdf', 1, 'fdsfsdf', 20030324233918);
INSERT INTO comments VALUES (3, 'dsfsdfdsfsd fsdf s', 1, 'fsdfsafsdf', 20030324234007);
INSERT INTO comments VALUES (3, 'fsdfsdfds', 1, 'fadsfsda', 20030324235009);
INSERT INTO comments VALUES (3, 'fsdfdsf', 1, 'dsfafda', 20030324235050);
INSERT INTO comments VALUES (3, 'fdsfsdfd', 1, 'fsafdfds', 20030324235152);
INSERT INTO comments VALUES (3, 'dsfdsfds', 1, 'fdsafsadf', 20030324235421);
INSERT INTO comments VALUES (3, 'sdfsdfsdf', 1, 'dfsfsdf', 20030324235601);
INSERT INTO comments VALUES (3, 'dsfsdfsd', 1, 'fsdfsaf', 20030324235622);
INSERT INTO comments VALUES (3, 'dafdsfds', 1, 'fsdfs', 20030324235730);
INSERT INTO comments VALUES (3, 'fdsfdfds', 1, 'fdsafsda', 20030324235845);
INSERT INTO comments VALUES (3, 'sdfdsf', 1, 'fdsaf', 20030324235936);
INSERT INTO comments VALUES (3, 'dsfsdfd', 1, 'fdsafsf', 20030325000047);
INSERT INTO comments VALUES (3, 'dsfsd', 1, 'fdsf', 20030325000141);
INSERT INTO comments VALUES (3, 'dsfsdfds', 1, 'fdsaf', 20030325000243);
INSERT INTO comments VALUES (3, 'sdfdsfds', 1, 'fsdf', 20030325000307);
INSERT INTO comments VALUES (3, 'dsfdsfdsf', 1, 'sdfsfsdf', 20030325000330);
INSERT INTO comments VALUES (3, 'sdfsdfsdaf', 1, 'fdsaf', 20030325000418);
INSERT INTO comments VALUES (3, 'adsfdsf', 1, 'fdsf', 20030325000845);
INSERT INTO comments VALUES (3, 'sdfsdfsdf', 1, 'fdsaf', 20030325000926);
INSERT INTO comments VALUES (3, 'dsfsdfdsf', 1, 'fsdaf', 20030325001011);
INSERT INTO comments VALUES (3, 'dfdsfd', 1, 'fdsfs', 20030325001039);
INSERT INTO comments VALUES (3, 'dfsdfds', 1, 'fdsafs', 20030325001601);
INSERT INTO comments VALUES (28, 'sdfdsfdsfds', 1, 'wat lief', 20030325001725);
INSERT INTO comments VALUES (31, 'fsdfdsf', 1, 'fsd', 20030325001732);
INSERT INTO comments VALUES (3, 'photo', 1, 'This is a cool', 20030325184753);
# --------------------------------------------------------

#
# Table structure for table `photos`
#

CREATE TABLE photos (
  photo_id int(10) NOT NULL auto_increment,
  album_id int(10) NOT NULL default '0',
  albumname varchar(60) NOT NULL default '',
  name varchar(50) NOT NULL default '',
  hits int(10) NOT NULL default '0',
  filename varchar(255) default NULL,
  PRIMARY KEY  (photo_id)
) TYPE=MyISAM;

#
# Dumping data for table `photos`
#

INSERT INTO photos VALUES (1, 1, 'creator and webmaster', '', 16, 'trung 1.jpg');
INSERT INTO photos VALUES (2, 1, 'creator and webmaster', '', 21, 'me.jpg');
INSERT INTO photos VALUES (3, 1, 'creator and webmaster', '', 17, 'amigos.jpg');
INSERT INTO photos VALUES (4, 2, 'turntable pictures', '', 2, 'vestax_turntable.jpg');
INSERT INTO photos VALUES (5, 2, 'turntable pictures', '', 1, 'turntable3.jpg');
INSERT INTO photos VALUES (6, 2, 'turntable pictures', '', 3, 'turntable.jpg');
INSERT INTO photos VALUES (7, 2, 'turntable pictures', '', 3, 'sl1200pony.jpg');
INSERT INTO photos VALUES (8, 2, 'turntable pictures', '', 0, 'sl1200m3d_turntable.jpg');
INSERT INTO photos VALUES (9, 2, 'turntable pictures', '', 1, 'numarkttx1.jpg');
INSERT INTO photos VALUES (10, 2, 'turntable pictures', '', 2, 'misc-turntable.jpg');
INSERT INTO photos VALUES (11, 3, 'cool pictures', '', 7, 'tigger.jpg');
INSERT INTO photos VALUES (12, 3, 'cool pictures', '', 3, 'priceless-pictures97.jpg');
INSERT INTO photos VALUES (13, 3, 'cool pictures', '', 2, 'priceless-pictures88.jpg');
INSERT INTO photos VALUES (14, 3, 'cool pictures', '', 6, 'priceless-pictures137.jpg');
INSERT INTO photos VALUES (15, 3, 'cool pictures', '', 4, 'priceless-pictures125.jpg');
INSERT INTO photos VALUES (16, 3, 'cool pictures', '', 4, 'mesmiling.jpg');
INSERT INTO photos VALUES (17, 3, 'cool pictures', '', 3, 'logees.jpg');
INSERT INTO photos VALUES (18, 3, 'cool pictures', '', 6, 'konijn.jpg');
INSERT INTO photos VALUES (19, 3, 'cool pictures', '', 0, '0.jpg');
INSERT INTO photos VALUES (20, 4, 'nice wristwatches', '', 0, 'yac_big.jpg');
INSERT INTO photos VALUES (21, 4, 'nice wristwatches', '', 0, 'sea_big.jpg');
INSERT INTO photos VALUES (22, 4, 'nice wristwatches', '', 1, 'omega-james-bond.jpg');
INSERT INTO photos VALUES (23, 4, 'nice wristwatches', '', 0, 'ms00.jpg');
INSERT INTO photos VALUES (24, 4, 'nice wristwatches', '', 0, 'mo_yack.jpg');
INSERT INTO photos VALUES (25, 4, 'nice wristwatches', '', 0, 'gmt_big.jpg');
INSERT INTO photos VALUES (26, 4, 'nice wristwatches', '', 0, 'cosmo_big.jpg');
INSERT INTO photos VALUES (27, 4, 'nice wristwatches', '', 1, '25518000.jpg');
INSERT INTO photos VALUES (28, 5, 'family', '', 20, 'xuan2.jpg');
INSERT INTO photos VALUES (29, 5, 'family', '', 17, 'ome en opa3.jpg');
INSERT INTO photos VALUES (30, 5, 'family', '', 15, 'me.jpg');
INSERT INTO photos VALUES (31, 5, 'family', '', 16, 'hulk.jpg');
INSERT INTO photos VALUES (32, 6, 'friends', '', 14, 'wij.jpg');
INSERT INTO photos VALUES (33, 6, 'friends', '', 15, 'kip1.png');
INSERT INTO photos VALUES (34, 6, 'friends', '', 18, 'groep2.png');
INSERT INTO photos VALUES (35, 6, 'friends', '', 16, 'groep.png');
INSERT INTO photos VALUES (36, 6, 'friends', '', 15, 'dsc00031.jpg');
INSERT INTO photos VALUES (37, 6, 'friends', '', 14, 'carlo.jpg');
INSERT INTO photos VALUES (38, 7, 'rnb stars', '', 7, 'arekah.jpg');
INSERT INTO photos VALUES (39, 7, 'rnb stars', '', 6, '0007.jpg');
INSERT INTO photos VALUES (40, 7, 'rnb stars', '', 3, '0005.jpg');
INSERT INTO photos VALUES (41, 7, 'rnb stars', '', 3, '0014.jpg');
INSERT INTO photos VALUES (42, 7, 'rnb stars', '', 3, '0015.jpg');
INSERT INTO photos VALUES (43, 7, 'rnb stars', '', 2, 'aaliyah-2d.jpg');
INSERT INTO photos VALUES (44, 7, 'rnb stars', '', 3, 'aaliyah-1d.jpg');
INSERT INTO photos VALUES (45, 7, 'rnb stars', '', 4, 'aaliyah 03.jpg');
INSERT INTO photos VALUES (46, 8, 'discotheek pinky crew', '', 15, 'rob trung 11.jpg');
INSERT INTO photos VALUES (47, 8, 'discotheek pinky crew', '', 19, 'rob paulintje.jpg');
INSERT INTO photos VALUES (48, 8, 'discotheek pinky crew', '', 15, 'muisje1.jpg');
INSERT INTO photos VALUES (49, 8, 'discotheek pinky crew', '', 18, 'mariele rob.jpg');
INSERT INTO photos VALUES (50, 8, 'discotheek pinky crew', '', 19, 'maridel.jpg');
INSERT INTO photos VALUES (53, 9, 'ivanka', '', 15, 'sexy.jpg');
INSERT INTO photos VALUES (55, 9, 'ivanka', '', 7, 'onder-tafel.jpg');
INSERT INTO photos VALUES (57, 9, 'ivanka', '', 11, 'lekker!.jpg');
INSERT INTO photos VALUES (60, 9, 'ivanka', '', 9, 'jaja.jpg');
INSERT INTO photos VALUES (61, 9, 'ivanka', '', 13, 'ivanka_bed.jpg');
INSERT INTO photos VALUES (65, 9, 'ivanka', '', 11, 'gangsta.jpg');
INSERT INTO photos VALUES (66, 9, 'ivanka', '', 10, 'gala1.jpg');
INSERT INTO photos VALUES (67, 9, 'ivanka', '', 13, 'gala.jpg');
INSERT INTO photos VALUES (69, 9, 'ivanka', '', 16, 'dais-en-ik.jpg');
INSERT INTO photos VALUES (71, 9, 'ivanka', '', 13, 'carnaval zuster.jpg');
INSERT INTO photos VALUES (75, 10, 'erdogan wintersport', '', 27, 'groepsfoto_1_ilknur ankie muhlis remi rasih ramazan en fatma.jpg');
INSERT INTO photos VALUES (76, 10, 'erdogan wintersport', '', 28, 'groepsfoto_2_esra fatma ramazan rasih remi erdogan ankie en ilknur.jpg');
INSERT INTO photos VALUES (77, 10, 'erdogan wintersport', '', 23, 'muhlis en erdogan stoer doen.jpg');
INSERT INTO photos VALUES (78, 10, 'erdogan wintersport', '', 18, 'rotation of erdogan springen.jpg');
INSERT INTO photos VALUES (85, 10, 'erdogan wintersport', '', 6, 'ankie en erdogan aaaaaahhh foto.jpg');
INSERT INTO photos VALUES (81, 10, 'erdogan wintersport', '', 11, 'erdogan gek doen met snowboard.jpg');
INSERT INTO photos VALUES (83, 10, 'erdogan wintersport', '', 6, 'again.jpg');
INSERT INTO photos VALUES (84, 10, 'erdogan wintersport', '', 9, 'erdogan en remi toeren.jpg');
INSERT INTO photos VALUES (86, 11, 'emilia vakantie fotos', '', 10, '7.jpg');
INSERT INTO photos VALUES (87, 11, 'emilia vakantie fotos', '', 7, '6.jpg');
INSERT INTO photos VALUES (88, 11, 'emilia vakantie fotos', '', 7, '5.jpg');
INSERT INTO photos VALUES (89, 11, 'emilia vakantie fotos', '', 11, '4.jpg');
INSERT INTO photos VALUES (90, 11, 'emilia vakantie fotos', '', 8, '3.jpg');
INSERT INTO photos VALUES (91, 11, 'emilia vakantie fotos', '', 9, '2.jpg');
INSERT INTO photos VALUES (92, 11, 'emilia vakantie fotos', '', 8, '1.jpg');
INSERT INTO photos VALUES (93, 11, 'emilia vakantie fotos', '', 12, 'emili1.jpg');
INSERT INTO photos VALUES (94, 11, 'emilia vakantie fotos', '', 6, 'emili.jpg');
INSERT INTO photos VALUES (95, 8, 'discotheek pinky crew', '', 18, 'marlou.jpg');
INSERT INTO photos VALUES (97, 12, 'cool watches', '', 0, 'yac_big.jpg');
INSERT INTO photos VALUES (98, 12, 'cool watches', '', 0, 'sea_big.jpg');
INSERT INTO photos VALUES (99, 12, 'cool watches', '', 0, 'omega-james-bond.jpg');
INSERT INTO photos VALUES (100, 12, 'cool watches', '', 0, 'ms00.jpg');
INSERT INTO photos VALUES (101, 12, 'cool watches', '', 0, 'mo_yack.jpg');
INSERT INTO photos VALUES (102, 12, 'cool watches', '', 0, 'gmt_big.jpg');
INSERT INTO photos VALUES (103, 12, 'cool watches', '', 0, 'cosmo_big.jpg');
INSERT INTO photos VALUES (104, 12, 'cool watches', '', 0, '25518000.jpg');
# --------------------------------------------------------

#
# Table structure for table `users`
#

CREATE TABLE users (
  name varchar(30) NOT NULL default '',
  ip varchar(15) NOT NULL default '',
  timestamp timestamp(14) NOT NULL,
  PRIMARY KEY  (ip),
  UNIQUE KEY ip (ip)
) TYPE=MyISAM;

#
# Dumping data for table `users`
#

INSERT INTO users VALUES ('felicia', '62.238.255.223', 20030323234416);
INSERT INTO users VALUES ('erdogan', '62.238.229.85', 20030323234425);
INSERT INTO users VALUES ('', '62.238.227.134', 20030323230311);
INSERT INTO users VALUES ('thomas', '80.56.179.145', 20030323234341);
INSERT INTO users VALUES ('emilia', '62.238.235.199', 20030323234329);
INSERT INTO users VALUES ('kennisnet', '212.178.7.55', 20030324135559);
INSERT INTO users VALUES ('karlijn', '62.238.235.156', 20030324210837);
INSERT INTO users VALUES ('renata', '195.241.127.171', 20030324204102);
INSERT INTO users VALUES ('ivanka', '213.197.7.150', 20030325183536);
INSERT INTO users VALUES ('', '62.238.235.48', 20030325161403);
INSERT INTO users VALUES ('', '212.178.7.52', 20030326093301);
INSERT INTO users VALUES ('', '62.238.222.239', 20030326162842);
INSERT INTO users VALUES ('', '62.195.214.226', 20030326180500);
INSERT INTO users VALUES ('marlies', '62.238.225.106', 20030326185440);
# --------------------------------------------------------

#
# Table structure for table `visited`
#

CREATE TABLE visited (
  client_ip varchar(15) NOT NULL default '',
  user_id int(10) NOT NULL default '0',
  photo_id int(10) NOT NULL default '0',
  datetime timestamp(14) NOT NULL
) TYPE=MyISAM;

#
# Dumping data for table `visited`
#

INSERT INTO visited VALUES ('192.168.1.2', 0, 3, 00000000000000);
INSERT INTO visited VALUES ('192.168.1.2', 0, 10, 00000000000000);
INSERT INTO visited VALUES ('192.168.1.2', 0, 4, 00000000000000);
INSERT INTO visited VALUES ('192.168.1.2', 0, 7, 00000000000000);
INSERT INTO visited VALUES ('192.168.1.2', 0, 28, 00000000000000);
INSERT INTO visited VALUES ('192.168.1.2', 0, 29, 00000000000000);
INSERT INTO visited VALUES ('192.168.1.2', 0, 30, 00000000000000);
INSERT INTO visited VALUES ('192.168.1.2', 0, 31, 00000000000000);
INSERT INTO visited VALUES ('192.168.1.2', 0, 46, 00000000000000);
INSERT INTO visited VALUES ('192.168.1.2', 0, 47, 00000000000000);
INSERT INTO visited VALUES ('192.168.1.2', 0, 48, 00000000000000);
INSERT INTO visited VALUES ('192.168.1.2', 0, 49, 00000000000000);
INSERT INTO visited VALUES ('192.168.1.2', 0, 50, 00000000000000);
INSERT INTO visited VALUES ('192.168.1.2', 0, 32, 00000000000000);
INSERT INTO visited VALUES ('192.168.1.2', 0, 33, 00000000000000);
INSERT INTO visited VALUES ('192.168.1.2', 0, 34, 00000000000000);
INSERT INTO visited VALUES ('192.168.1.2', 0, 35, 00000000000000);
INSERT INTO visited VALUES ('192.168.1.2', 0, 36, 00000000000000);
INSERT INTO visited VALUES ('62.238.226.167', 0, 2, 00000000000000);
INSERT INTO visited VALUES ('62.238.226.167', 0, 3, 00000000000000);
INSERT INTO visited VALUES ('62.238.226.167', 0, 1, 00000000000000);
INSERT INTO visited VALUES ('62.238.226.167', 0, 45, 00000000000000);
INSERT INTO visited VALUES ('62.238.226.167', 0, 41, 00000000000000);
INSERT INTO visited VALUES ('62.238.226.167', 0, 32, 00000000000000);
INSERT INTO visited VALUES ('62.238.226.167', 0, 36, 00000000000000);
INSERT INTO visited VALUES ('62.238.226.167', 0, 37, 00000000000000);
INSERT INTO visited VALUES ('62.238.226.167', 0, 35, 00000000000000);
INSERT INTO visited VALUES ('62.238.226.167', 0, 6, 00000000000000);
INSERT INTO visited VALUES ('62.238.226.167', 0, 4, 00000000000000);
INSERT INTO visited VALUES ('62.238.226.167', 0, 28, 00000000000000);
INSERT INTO visited VALUES ('62.238.226.167', 0, 29, 00000000000000);
INSERT INTO visited VALUES ('62.238.226.167', 0, 30, 00000000000000);
INSERT INTO visited VALUES ('62.238.226.167', 0, 31, 00000000000000);
INSERT INTO visited VALUES ('62.238.226.167', 0, 28, 00000000000000);
INSERT INTO visited VALUES ('62.238.226.192', 0, 66, 00000000000000);
INSERT INTO visited VALUES ('62.238.226.192', 0, 61, 00000000000000);
INSERT INTO visited VALUES ('62.238.226.192', 0, 52, 00000000000000);
INSERT INTO visited VALUES ('62.238.226.192', 0, 53, 00000000000000);
INSERT INTO visited VALUES ('62.238.226.192', 0, 65, 00000000000000);
INSERT INTO visited VALUES ('62.238.226.192', 0, 55, 00000000000000);
INSERT INTO visited VALUES ('62.238.226.192', 0, 65, 00000000000000);
INSERT INTO visited VALUES ('62.238.226.192', 0, 53, 00000000000000);
INSERT INTO visited VALUES ('62.238.226.192', 0, 52, 00000000000000);
INSERT INTO visited VALUES ('62.238.226.192', 0, 61, 00000000000000);
INSERT INTO visited VALUES ('62.238.226.167', 0, 67, 00000000000000);
INSERT INTO visited VALUES ('62.238.226.167', 0, 69, 00000000000000);
INSERT INTO visited VALUES ('62.238.226.167', 0, 71, 00000000000000);
INSERT INTO visited VALUES ('62.238.226.167', 0, 60, 00000000000000);
INSERT INTO visited VALUES ('62.238.226.167', 0, 52, 00000000000000);
INSERT INTO visited VALUES ('62.238.226.167', 0, 22, 00000000000000);
INSERT INTO visited VALUES ('62.238.226.167', 0, 27, 00000000000000);
INSERT INTO visited VALUES ('62.238.226.167', 0, 3, 00000000000000);
INSERT INTO visited VALUES ('62.238.226.167', 0, 2, 00000000000000);
INSERT INTO visited VALUES ('62.238.226.167', 0, 1, 00000000000000);
INSERT INTO visited VALUES ('62.238.226.167', 0, 52, 00000000000000);
INSERT INTO visited VALUES ('62.238.226.167', 0, 52, 00000000000000);
INSERT INTO visited VALUES ('62.238.226.167', 0, 52, 00000000000000);
INSERT INTO visited VALUES ('62.238.226.167', 0, 57, 00000000000000);
INSERT INTO visited VALUES ('62.238.226.167', 0, 67, 00000000000000);
INSERT INTO visited VALUES ('62.238.226.167', 0, 53, 00000000000000);
INSERT INTO visited VALUES ('62.238.226.167', 0, 52, 00000000000000);
INSERT INTO visited VALUES ('62.238.226.167', 0, 53, 00000000000000);
INSERT INTO visited VALUES ('62.238.226.167', 0, 89, 00000000000000);
INSERT INTO visited VALUES ('62.238.226.167', 0, 2, 00000000000000);
INSERT INTO visited VALUES ('62.238.226.167', 0, 32423, 00000000000000);
INSERT INTO visited VALUES ('62.238.226.167', 0, 2, 00000000000000);
INSERT INTO visited VALUES ('62.238.226.167', 0, 2, 00000000000000);
INSERT INTO visited VALUES ('62.238.226.167', 0, 11, 00000000000000);
INSERT INTO visited VALUES ('62.238.226.167', 0, 11, 00000000000000);
INSERT INTO visited VALUES ('62.238.226.167', 0, 18, 00000000000000);
INSERT INTO visited VALUES ('62.238.226.167', 0, 32, 00000000000000);
INSERT INTO visited VALUES ('62.238.226.167', 0, 33, 00000000000000);
INSERT INTO visited VALUES ('62.238.226.167', 0, 34, 00000000000000);
INSERT INTO visited VALUES ('62.238.226.167', 0, 35, 00000000000000);
INSERT INTO visited VALUES ('62.238.226.167', 0, 46, 00000000000000);
INSERT INTO visited VALUES ('62.238.226.167', 0, 47, 00000000000000);
INSERT INTO visited VALUES ('62.238.226.167', 0, 48, 00000000000000);
INSERT INTO visited VALUES ('62.238.226.167', 0, 49, 00000000000000);
INSERT INTO visited VALUES ('62.238.226.167', 0, 50, 00000000000000);
INSERT INTO visited VALUES ('62.238.226.167', 0, 50, 00000000000000);
INSERT INTO visited VALUES ('62.238.226.167', 0, 3, 00000000000000);
INSERT INTO visited VALUES ('62.238.226.167', 0, 2, 00000000000000);
INSERT INTO visited VALUES ('62.238.226.167', 0, 1, 00000000000000);
INSERT INTO visited VALUES ('62.238.226.167', 0, 14, 00000000000000);
INSERT INTO visited VALUES ('62.238.226.167', 0, 18, 00000000000000);
INSERT INTO visited VALUES ('62.238.255.223', 0, 28, 00000000000000);
INSERT INTO visited VALUES ('62.238.255.223', 0, 29, 00000000000000);
INSERT INTO visited VALUES ('62.238.255.223', 0, 31, 00000000000000);
INSERT INTO visited VALUES ('62.238.226.167', 0, 31, 00000000000000);
INSERT INTO visited VALUES ('62.238.226.167', 0, 3, 00000000000000);
INSERT INTO visited VALUES ('62.238.226.167', 0, 2, 00000000000000);
INSERT INTO visited VALUES ('62.238.226.167', 0, 1, 00000000000000);
INSERT INTO visited VALUES ('62.238.255.223', 0, 46, 00000000000000);
INSERT INTO visited VALUES ('62.238.255.223', 0, 47, 00000000000000);
INSERT INTO visited VALUES ('62.238.255.223', 0, 48, 00000000000000);
INSERT INTO visited VALUES ('62.238.255.223', 0, 49, 00000000000000);
INSERT INTO visited VALUES ('62.238.255.223', 0, 50, 00000000000000);
INSERT INTO visited VALUES ('62.238.255.223', 0, 7, 00000000000000);
INSERT INTO visited VALUES ('62.238.226.167', 0, 75, 00000000000000);
INSERT INTO visited VALUES ('62.238.226.167', 0, 76, 00000000000000);
INSERT INTO visited VALUES ('62.238.226.167', 0, 75, 00000000000000);
INSERT INTO visited VALUES ('62.238.226.167', 0, 76, 00000000000000);
INSERT INTO visited VALUES ('62.238.226.167', 0, 77, 00000000000000);
INSERT INTO visited VALUES ('62.238.226.167', 0, 78, 00000000000000);
INSERT INTO visited VALUES ('62.238.226.167', 0, 75, 00000000000000);
INSERT INTO visited VALUES ('62.238.226.167', 0, 75, 00000000000000);
INSERT INTO visited VALUES ('62.238.226.167', 0, 76, 00000000000000);
INSERT INTO visited VALUES ('62.238.226.167', 0, 77, 00000000000000);
INSERT INTO visited VALUES ('62.238.226.167', 0, 78, 00000000000000);
INSERT INTO visited VALUES ('62.238.226.167', 0, 75, 00000000000000);
INSERT INTO visited VALUES ('62.238.226.167', 0, 76, 00000000000000);
INSERT INTO visited VALUES ('62.238.226.167', 0, 77, 00000000000000);
INSERT INTO visited VALUES ('62.238.229.85', 0, 76, 00000000000000);
INSERT INTO visited VALUES ('62.238.229.85', 0, 77, 00000000000000);
INSERT INTO visited VALUES ('62.238.229.85', 0, 78, 00000000000000);
INSERT INTO visited VALUES ('62.238.229.85', 0, 77, 00000000000000);
INSERT INTO visited VALUES ('62.238.229.85', 0, 76, 00000000000000);
INSERT INTO visited VALUES ('62.238.229.85', 0, 75, 00000000000000);
INSERT INTO visited VALUES ('62.238.229.85', 0, 75, 00000000000000);
INSERT INTO visited VALUES ('62.238.229.85', 0, 76, 00000000000000);
INSERT INTO visited VALUES ('62.238.229.85', 0, 77, 00000000000000);
INSERT INTO visited VALUES ('62.238.229.85', 0, 78, 00000000000000);
INSERT INTO visited VALUES ('62.238.229.85', 0, 77, 00000000000000);
INSERT INTO visited VALUES ('62.238.229.85', 0, 76, 00000000000000);
INSERT INTO visited VALUES ('62.238.229.85', 0, 77, 00000000000000);
INSERT INTO visited VALUES ('62.238.229.85', 0, 78, 00000000000000);
INSERT INTO visited VALUES ('62.238.229.85', 0, 75, 00000000000000);
INSERT INTO visited VALUES ('62.238.229.85', 0, 76, 00000000000000);
INSERT INTO visited VALUES ('62.238.229.85', 0, 77, 00000000000000);
INSERT INTO visited VALUES ('62.238.229.85', 0, 78, 00000000000000);
INSERT INTO visited VALUES ('62.238.229.85', 0, 77, 00000000000000);
INSERT INTO visited VALUES ('62.238.229.85', 0, 76, 00000000000000);
INSERT INTO visited VALUES ('62.238.229.85', 0, 75, 00000000000000);
INSERT INTO visited VALUES ('62.238.229.85', 0, 76, 00000000000000);
INSERT INTO visited VALUES ('62.238.229.85', 0, 75, 00000000000000);
INSERT INTO visited VALUES ('62.238.229.85', 0, 76, 00000000000000);
INSERT INTO visited VALUES ('62.238.229.85', 0, 75, 00000000000000);
INSERT INTO visited VALUES ('62.238.229.85', 0, 53, 00000000000000);
INSERT INTO visited VALUES ('62.238.229.85', 0, 55, 00000000000000);
INSERT INTO visited VALUES ('62.238.229.85', 0, 57, 00000000000000);
INSERT INTO visited VALUES ('62.238.229.85', 0, 60, 00000000000000);
INSERT INTO visited VALUES ('62.238.229.85', 0, 61, 00000000000000);
INSERT INTO visited VALUES ('62.238.229.85', 0, 65, 00000000000000);
INSERT INTO visited VALUES ('62.238.229.85', 0, 66, 00000000000000);
INSERT INTO visited VALUES ('62.238.229.85', 0, 67, 00000000000000);
INSERT INTO visited VALUES ('62.238.229.85', 0, 69, 00000000000000);
INSERT INTO visited VALUES ('62.238.226.167', 0, 75, 00000000000000);
INSERT INTO visited VALUES ('62.238.229.85', 0, 71, 00000000000000);
INSERT INTO visited VALUES ('62.238.229.85', 0, 6, 00000000000000);
INSERT INTO visited VALUES ('62.238.229.85', 0, 38, 00000000000000);
INSERT INTO visited VALUES ('62.238.226.167', 0, 79, 00000000000000);
INSERT INTO visited VALUES ('62.238.229.85', 0, 79, 00000000000000);
INSERT INTO visited VALUES ('62.238.229.85', 0, 76, 00000000000000);
INSERT INTO visited VALUES ('62.238.226.167', 0, 79, 00000000000000);
INSERT INTO visited VALUES ('62.238.229.85', 0, 79, 00000000000000);
INSERT INTO visited VALUES ('62.238.229.85', 0, 76, 00000000000000);
INSERT INTO visited VALUES ('62.238.229.85', 0, 75, 00000000000000);
INSERT INTO visited VALUES ('62.238.229.85', 0, 78, 00000000000000);
INSERT INTO visited VALUES ('62.238.226.167', 0, 79, 00000000000000);
INSERT INTO visited VALUES ('62.238.226.167', 0, 80, 00000000000000);
INSERT INTO visited VALUES ('62.238.226.167', 0, 76, 00000000000000);
INSERT INTO visited VALUES ('62.238.226.167', 0, 78, 00000000000000);
INSERT INTO visited VALUES ('62.238.226.167', 0, 77, 00000000000000);
INSERT INTO visited VALUES ('62.238.226.167', 0, 76, 00000000000000);
INSERT INTO visited VALUES ('62.238.226.167', 0, 75, 00000000000000);
INSERT INTO visited VALUES ('62.238.226.167', 0, 79, 00000000000000);
INSERT INTO visited VALUES ('62.238.226.167', 0, 80, 00000000000000);
INSERT INTO visited VALUES ('62.238.226.167', 0, 79, 00000000000000);
INSERT INTO visited VALUES ('62.238.226.167', 0, 78, 00000000000000);
INSERT INTO visited VALUES ('62.238.226.167', 0, 77, 00000000000000);
INSERT INTO visited VALUES ('62.238.226.167', 0, 76, 00000000000000);
INSERT INTO visited VALUES ('62.238.226.167', 0, 80, 00000000000000);
INSERT INTO visited VALUES ('62.238.255.223', 0, 80, 00000000000000);
INSERT INTO visited VALUES ('62.238.255.223', 0, 75, 00000000000000);
INSERT INTO visited VALUES ('62.238.255.223', 0, 76, 00000000000000);
INSERT INTO visited VALUES ('62.238.229.85', 0, 80, 00000000000000);
INSERT INTO visited VALUES ('62.238.255.223', 0, 77, 00000000000000);
INSERT INTO visited VALUES ('62.238.229.85', 0, 81, 00000000000000);
INSERT INTO visited VALUES ('62.238.255.223', 0, 75, 00000000000000);
INSERT INTO visited VALUES ('62.238.226.167', 0, 80, 00000000000000);
INSERT INTO visited VALUES ('62.238.226.167', 0, 81, 00000000000000);
INSERT INTO visited VALUES ('62.238.226.167', 0, 75, 00000000000000);
INSERT INTO visited VALUES ('62.238.226.167', 0, 76, 00000000000000);
INSERT INTO visited VALUES ('62.238.255.223', 0, 75, 00000000000000);
INSERT INTO visited VALUES ('62.238.226.167', 0, 81, 00000000000000);
INSERT INTO visited VALUES ('62.238.226.167', 0, 80, 00000000000000);
INSERT INTO visited VALUES ('62.238.226.167', 0, 82, 00000000000000);
INSERT INTO visited VALUES ('62.238.226.167', 0, 82, 00000000000000);
INSERT INTO visited VALUES ('62.238.226.167', 0, 83, 00000000000000);
INSERT INTO visited VALUES ('62.238.226.167', 0, 81, 00000000000000);
INSERT INTO visited VALUES ('62.238.226.167', 0, 84, 00000000000000);
INSERT INTO visited VALUES ('62.238.226.167', 0, 83, 00000000000000);
INSERT INTO visited VALUES ('62.238.226.167', 0, 81, 00000000000000);
INSERT INTO visited VALUES ('62.238.226.167', 0, 80, 00000000000000);
INSERT INTO visited VALUES ('62.238.229.85', 0, 84, 00000000000000);
INSERT INTO visited VALUES ('62.238.226.167', 0, 78, 00000000000000);
INSERT INTO visited VALUES ('62.238.226.167', 0, 77, 00000000000000);
INSERT INTO visited VALUES ('62.238.226.167', 0, 76, 00000000000000);
INSERT INTO visited VALUES ('62.238.226.167', 0, 75, 00000000000000);
INSERT INTO visited VALUES ('62.238.226.167', 0, 78, 00000000000000);
INSERT INTO visited VALUES ('62.238.226.167', 0, 53, 00000000000000);
INSERT INTO visited VALUES ('62.238.226.167', 0, 55, 00000000000000);
INSERT INTO visited VALUES ('62.238.226.167', 0, 57, 00000000000000);
INSERT INTO visited VALUES ('62.238.226.167', 0, 60, 00000000000000);
INSERT INTO visited VALUES ('62.238.226.167', 0, 69, 00000000000000);
INSERT INTO visited VALUES ('62.238.226.167', 0, 71, 00000000000000);
INSERT INTO visited VALUES ('62.238.229.85', 0, 85, 00000000000000);
INSERT INTO visited VALUES ('62.238.229.85', 0, 83, 00000000000000);
INSERT INTO visited VALUES ('62.238.229.85', 0, 84, 00000000000000);
INSERT INTO visited VALUES ('62.238.229.85', 0, 75, 00000000000000);
INSERT INTO visited VALUES ('62.238.229.85', 0, 76, 00000000000000);
INSERT INTO visited VALUES ('62.238.229.85', 0, 77, 00000000000000);
INSERT INTO visited VALUES ('62.238.229.85', 0, 78, 00000000000000);
INSERT INTO visited VALUES ('62.238.229.85', 0, 85, 00000000000000);
INSERT INTO visited VALUES ('62.238.229.85', 0, 81, 00000000000000);
INSERT INTO visited VALUES ('62.238.229.85', 0, 83, 00000000000000);
INSERT INTO visited VALUES ('62.238.229.85', 0, 84, 00000000000000);
INSERT INTO visited VALUES ('62.238.229.85', 0, 37, 00000000000000);
INSERT INTO visited VALUES ('62.238.229.85', 0, 36, 00000000000000);
INSERT INTO visited VALUES ('62.238.229.85', 0, 35, 00000000000000);
INSERT INTO visited VALUES ('62.238.229.85', 0, 34, 00000000000000);
INSERT INTO visited VALUES ('62.238.229.85', 0, 33, 00000000000000);
INSERT INTO visited VALUES ('62.238.229.85', 0, 32, 00000000000000);
INSERT INTO visited VALUES ('62.238.226.167', 0, 84, 00000000000000);
INSERT INTO visited VALUES ('62.238.226.167', 0, 83, 00000000000000);
INSERT INTO visited VALUES ('62.238.226.167', 0, 81, 00000000000000);
INSERT INTO visited VALUES ('62.238.226.167', 0, 85, 00000000000000);
INSERT INTO visited VALUES ('62.238.226.167', 0, 1, 00000000000000);
INSERT INTO visited VALUES ('80.56.179.145', 0, 31, 00000000000000);
INSERT INTO visited VALUES ('62.238.226.167', 0, 2, 00000000000000);
INSERT INTO visited VALUES ('62.238.226.167', 0, 3, 00000000000000);
INSERT INTO visited VALUES ('80.56.179.145', 0, 30, 00000000000000);
INSERT INTO visited VALUES ('80.56.179.145', 0, 29, 00000000000000);
INSERT INTO visited VALUES ('62.238.226.167', 0, 28, 00000000000000);
INSERT INTO visited VALUES ('80.56.179.145', 0, 28, 00000000000000);
INSERT INTO visited VALUES ('80.56.179.145', 0, 28, 00000000000000);
INSERT INTO visited VALUES ('80.56.179.145', 0, 29, 00000000000000);
INSERT INTO visited VALUES ('80.56.179.145', 0, 30, 00000000000000);
INSERT INTO visited VALUES ('80.56.179.145', 0, 31, 00000000000000);
INSERT INTO visited VALUES ('80.56.179.145', 0, 2, 00000000000000);
INSERT INTO visited VALUES ('80.56.179.145', 0, 3, 00000000000000);
INSERT INTO visited VALUES ('80.56.179.145', 0, 1, 00000000000000);
INSERT INTO visited VALUES ('80.56.179.145', 0, 3, 00000000000000);
INSERT INTO visited VALUES ('80.56.179.145', 0, 2, 00000000000000);
INSERT INTO visited VALUES ('80.56.179.145', 0, 32, 00000000000000);
INSERT INTO visited VALUES ('80.56.179.145', 0, 33, 00000000000000);
INSERT INTO visited VALUES ('80.56.179.145', 0, 34, 00000000000000);
INSERT INTO visited VALUES ('62.238.226.167', 0, 67, 00000000000000);
INSERT INTO visited VALUES ('62.238.226.167', 0, 60, 00000000000000);
INSERT INTO visited VALUES ('62.238.226.167', 0, 57, 00000000000000);
INSERT INTO visited VALUES ('62.238.226.167', 0, 66, 00000000000000);
INSERT INTO visited VALUES ('62.238.226.167', 0, 66, 00000000000000);
INSERT INTO visited VALUES ('62.238.226.167', 0, 65, 00000000000000);
INSERT INTO visited VALUES ('62.238.226.167', 0, 53, 00000000000000);
INSERT INTO visited VALUES ('62.238.226.167', 0, 61, 00000000000000);
INSERT INTO visited VALUES ('80.56.179.145', 0, 37, 00000000000000);
INSERT INTO visited VALUES ('80.56.179.145', 0, 36, 00000000000000);
INSERT INTO visited VALUES ('62.238.226.167', 0, 28, 00000000000000);
INSERT INTO visited VALUES ('80.56.179.145', 0, 37, 00000000000000);
INSERT INTO visited VALUES ('80.56.179.145', 0, 34, 00000000000000);
INSERT INTO visited VALUES ('80.56.179.145', 0, 33, 00000000000000);
INSERT INTO visited VALUES ('80.56.179.145', 0, 32, 00000000000000);
INSERT INTO visited VALUES ('80.56.179.145', 0, 46, 00000000000000);
INSERT INTO visited VALUES ('62.238.235.199', 0, 28, 00000000000000);
INSERT INTO visited VALUES ('80.56.179.145', 0, 47, 00000000000000);
INSERT INTO visited VALUES ('62.238.226.167', 0, 28, 00000000000000);
INSERT INTO visited VALUES ('80.56.179.145', 0, 48, 00000000000000);
INSERT INTO visited VALUES ('80.56.179.145', 0, 49, 00000000000000);
INSERT INTO visited VALUES ('80.56.179.145', 0, 50, 00000000000000);
INSERT INTO visited VALUES ('62.238.226.167', 0, 30, 00000000000000);
INSERT INTO visited VALUES ('80.56.179.145', 0, 53, 00000000000000);
INSERT INTO visited VALUES ('80.56.179.145', 0, 65, 00000000000000);
INSERT INTO visited VALUES ('62.238.226.167', 0, 31, 00000000000000);
INSERT INTO visited VALUES ('80.56.179.145', 0, 57, 00000000000000);
INSERT INTO visited VALUES ('62.238.235.199', 0, 29, 00000000000000);
INSERT INTO visited VALUES ('80.56.179.145', 0, 69, 00000000000000);
INSERT INTO visited VALUES ('80.56.179.145', 0, 71, 00000000000000);
INSERT INTO visited VALUES ('80.56.179.145', 0, 61, 00000000000000);
INSERT INTO visited VALUES ('62.238.235.199', 0, 30, 00000000000000);
INSERT INTO visited VALUES ('80.56.179.145', 0, 39, 00000000000000);
INSERT INTO visited VALUES ('80.56.179.145', 0, 38, 00000000000000);
INSERT INTO visited VALUES ('62.238.226.167', 0, 46, 00000000000000);
INSERT INTO visited VALUES ('62.238.226.167', 0, 47, 00000000000000);
INSERT INTO visited VALUES ('62.238.226.167', 0, 48, 00000000000000);
INSERT INTO visited VALUES ('62.238.226.167', 0, 49, 00000000000000);
INSERT INTO visited VALUES ('80.56.179.145', 0, 44, 00000000000000);
INSERT INTO visited VALUES ('62.238.226.167', 0, 50, 00000000000000);
INSERT INTO visited VALUES ('62.238.226.167', 0, 53, 00000000000000);
INSERT INTO visited VALUES ('62.238.226.167', 0, 55, 00000000000000);
INSERT INTO visited VALUES ('62.238.226.167', 0, 57, 00000000000000);
INSERT INTO visited VALUES ('62.238.226.167', 0, 60, 00000000000000);
INSERT INTO visited VALUES ('62.238.226.167', 0, 67, 00000000000000);
INSERT INTO visited VALUES ('62.238.226.167', 0, 66, 00000000000000);
INSERT INTO visited VALUES ('62.238.226.167', 0, 65, 00000000000000);
INSERT INTO visited VALUES ('62.238.226.167', 0, 61, 00000000000000);
INSERT INTO visited VALUES ('62.238.226.167', 0, 71, 00000000000000);
INSERT INTO visited VALUES ('62.238.226.167', 0, 69, 00000000000000);
INSERT INTO visited VALUES ('62.238.235.199', 0, 2, 00000000000000);
INSERT INTO visited VALUES ('62.238.226.167', 0, 3, 00000000000000);
INSERT INTO visited VALUES ('62.238.226.167', 0, 2, 00000000000000);
INSERT INTO visited VALUES ('62.238.226.167', 0, 1, 00000000000000);
INSERT INTO visited VALUES ('62.238.235.199', 0, 31, 00000000000000);
INSERT INTO visited VALUES ('62.238.226.167', 0, 75, 00000000000000);
INSERT INTO visited VALUES ('62.238.226.167', 0, 77, 00000000000000);
INSERT INTO visited VALUES ('62.238.226.167', 0, 78, 00000000000000);
INSERT INTO visited VALUES ('62.238.235.199', 0, 3, 00000000000000);
INSERT INTO visited VALUES ('62.238.235.199', 0, 1, 00000000000000);
INSERT INTO visited VALUES ('62.238.235.199', 0, 3, 00000000000000);
INSERT INTO visited VALUES ('62.238.235.199', 0, 71, 00000000000000);
INSERT INTO visited VALUES ('62.238.235.199', 0, 69, 00000000000000);
INSERT INTO visited VALUES ('62.238.235.199', 0, 53, 00000000000000);
INSERT INTO visited VALUES ('62.238.235.199', 0, 60, 00000000000000);
INSERT INTO visited VALUES ('62.238.235.199', 0, 53, 00000000000000);
INSERT INTO visited VALUES ('62.238.226.167', 0, 86, 00000000000000);
INSERT INTO visited VALUES ('62.238.226.167', 0, 87, 00000000000000);
INSERT INTO visited VALUES ('62.238.226.167', 0, 89, 00000000000000);
INSERT INTO visited VALUES ('62.238.226.167', 0, 86, 00000000000000);
INSERT INTO visited VALUES ('62.238.226.167', 0, 87, 00000000000000);
INSERT INTO visited VALUES ('62.238.226.167', 0, 88, 00000000000000);
INSERT INTO visited VALUES ('62.238.226.167', 0, 89, 00000000000000);
INSERT INTO visited VALUES ('62.238.226.167', 0, 92, 00000000000000);
INSERT INTO visited VALUES ('62.238.226.167', 0, 91, 00000000000000);
INSERT INTO visited VALUES ('62.238.226.167', 0, 90, 00000000000000);
INSERT INTO visited VALUES ('62.238.226.167', 0, 89, 00000000000000);
INSERT INTO visited VALUES ('62.238.235.199', 0, 14, 00000000000000);
INSERT INTO visited VALUES ('62.238.235.199', 0, 15, 00000000000000);
INSERT INTO visited VALUES ('62.238.226.167', 0, 93, 00000000000000);
INSERT INTO visited VALUES ('62.238.235.199', 0, 14, 00000000000000);
INSERT INTO visited VALUES ('62.238.226.167', 0, 92, 00000000000000);
INSERT INTO visited VALUES ('62.238.235.199', 0, 18, 00000000000000);
INSERT INTO visited VALUES ('62.238.226.167', 0, 89, 00000000000000);
INSERT INTO visited VALUES ('62.238.226.167', 0, 88, 00000000000000);
INSERT INTO visited VALUES ('62.238.226.167', 0, 90, 00000000000000);
INSERT INTO visited VALUES ('62.238.226.167', 0, 91, 00000000000000);
INSERT INTO visited VALUES ('62.238.226.167', 0, 87, 00000000000000);
INSERT INTO visited VALUES ('62.238.226.167', 0, 93, 00000000000000);
INSERT INTO visited VALUES ('62.238.235.199', 0, 93, 00000000000000);
INSERT INTO visited VALUES ('62.238.226.167', 0, 93, 00000000000000);
INSERT INTO visited VALUES ('62.238.226.167', 0, 92, 00000000000000);
INSERT INTO visited VALUES ('62.238.226.167', 0, 91, 00000000000000);
INSERT INTO visited VALUES ('62.238.226.167', 0, 90, 00000000000000);
INSERT INTO visited VALUES ('62.238.226.167', 0, 86, 00000000000000);
INSERT INTO visited VALUES ('62.238.226.167', 0, 88, 00000000000000);
INSERT INTO visited VALUES ('62.238.226.167', 0, 89, 00000000000000);
INSERT INTO visited VALUES ('62.238.226.167', 0, 2, 00000000000000);
INSERT INTO visited VALUES ('62.238.226.167', 0, 3, 00000000000000);
INSERT INTO visited VALUES ('62.238.226.167', 0, 1, 00000000000000);
INSERT INTO visited VALUES ('62.238.235.199', 0, 88, 00000000000000);
INSERT INTO visited VALUES ('62.238.226.167', 0, 94, 00000000000000);
INSERT INTO visited VALUES ('62.238.226.167', 0, 94, 00000000000000);
INSERT INTO visited VALUES ('62.238.226.167', 0, 93, 00000000000000);
INSERT INTO visited VALUES ('62.238.226.167', 0, 94, 00000000000000);
INSERT INTO visited VALUES ('62.238.226.167', 0, 92, 00000000000000);
INSERT INTO visited VALUES ('62.238.226.167', 0, 91, 00000000000000);
INSERT INTO visited VALUES ('62.238.226.167', 0, 91, 00000000000000);
INSERT INTO visited VALUES ('62.238.226.167', 0, 90, 00000000000000);
INSERT INTO visited VALUES ('62.238.226.167', 0, 86, 00000000000000);
INSERT INTO visited VALUES ('62.238.226.167', 0, 87, 00000000000000);
INSERT INTO visited VALUES ('62.238.226.167', 0, 89, 00000000000000);
INSERT INTO visited VALUES ('62.238.226.167', 0, 88, 00000000000000);
INSERT INTO visited VALUES ('62.238.226.167', 0, 31, 00000000000000);
INSERT INTO visited VALUES ('62.238.226.167', 0, 30, 00000000000000);
INSERT INTO visited VALUES ('62.238.226.167', 0, 29, 00000000000000);
INSERT INTO visited VALUES ('62.238.226.167', 0, 28, 00000000000000);
INSERT INTO visited VALUES ('62.238.235.199', 0, 93, 00000000000000);
INSERT INTO visited VALUES ('62.238.226.167', 0, 95, 00000000000000);
INSERT INTO visited VALUES ('62.238.226.167', 0, 49, 00000000000000);
INSERT INTO visited VALUES ('62.238.235.199', 0, 94, 00000000000000);
INSERT INTO visited VALUES ('62.238.226.167', 0, 95, 00000000000000);
INSERT INTO visited VALUES ('62.238.235.199', 0, 95, 00000000000000);
INSERT INTO visited VALUES ('62.238.226.167', 0, 47, 00000000000000);
INSERT INTO visited VALUES ('62.238.226.167', 0, 46, 00000000000000);
INSERT INTO visited VALUES ('62.238.226.167', 0, 50, 00000000000000);
INSERT INTO visited VALUES ('62.238.235.199', 0, 50, 00000000000000);
INSERT INTO visited VALUES ('62.238.226.167', 0, 18, 00000000000000);
INSERT INTO visited VALUES ('62.238.226.167', 0, 11, 00000000000000);
INSERT INTO visited VALUES ('62.238.235.199', 0, 86, 00000000000000);
INSERT INTO visited VALUES ('62.238.235.199', 0, 11, 00000000000000);
INSERT INTO visited VALUES ('62.238.226.167', 0, 15, 00000000000000);
INSERT INTO visited VALUES ('62.238.226.167', 0, 11, 00000000000000);
INSERT INTO visited VALUES ('62.238.226.167', 0, 16, 00000000000000);
INSERT INTO visited VALUES ('62.238.226.167', 0, 11, 00000000000000);
INSERT INTO visited VALUES ('212.178.7.55', 0, 2, 00000000000000);
INSERT INTO visited VALUES ('212.178.7.55', 0, 3, 00000000000000);
INSERT INTO visited VALUES ('212.178.7.55', 0, 1, 00000000000000);
INSERT INTO visited VALUES ('212.178.7.55', 0, 33, 00000000000000);
INSERT INTO visited VALUES ('212.178.7.55', 0, 34, 00000000000000);
INSERT INTO visited VALUES ('212.178.7.55', 0, 35, 00000000000000);
INSERT INTO visited VALUES ('62.238.226.167', 0, 28, 00000000000000);
INSERT INTO visited VALUES ('62.238.226.167', 0, 29, 00000000000000);
INSERT INTO visited VALUES ('62.238.226.167', 0, 30, 00000000000000);
INSERT INTO visited VALUES ('62.238.226.167', 0, 31, 00000000000000);
INSERT INTO visited VALUES ('62.238.226.167', 0, 31, 00000000000000);
INSERT INTO visited VALUES ('62.238.226.167', 0, 29, 00000000000000);
INSERT INTO visited VALUES ('62.238.226.167', 0, 46, 00000000000000);
INSERT INTO visited VALUES ('62.238.226.167', 0, 47, 00000000000000);
INSERT INTO visited VALUES ('62.238.226.167', 0, 48, 00000000000000);
INSERT INTO visited VALUES ('62.238.226.167', 0, 49, 00000000000000);
INSERT INTO visited VALUES ('62.238.226.167', 0, 50, 00000000000000);
INSERT INTO visited VALUES ('62.238.226.167', 0, 49, 00000000000000);
INSERT INTO visited VALUES ('62.238.226.167', 0, 48, 00000000000000);
INSERT INTO visited VALUES ('62.238.226.167', 0, 47, 00000000000000);
INSERT INTO visited VALUES ('62.238.226.167', 0, 53, 00000000000000);
INSERT INTO visited VALUES ('62.238.226.167', 0, 55, 00000000000000);
INSERT INTO visited VALUES ('62.238.226.167', 0, 57, 00000000000000);
INSERT INTO visited VALUES ('62.238.226.167', 0, 60, 00000000000000);
INSERT INTO visited VALUES ('62.238.226.167', 0, 61, 00000000000000);
INSERT INTO visited VALUES ('62.238.226.167', 0, 65, 00000000000000);
INSERT INTO visited VALUES ('62.238.226.167', 0, 66, 00000000000000);
INSERT INTO visited VALUES ('62.238.226.167', 0, 67, 00000000000000);
INSERT INTO visited VALUES ('62.238.226.167', 0, 69, 00000000000000);
INSERT INTO visited VALUES ('62.238.226.167', 0, 71, 00000000000000);
INSERT INTO visited VALUES ('62.238.226.167', 0, 69, 00000000000000);
INSERT INTO visited VALUES ('62.238.226.167', 0, 67, 00000000000000);
INSERT INTO visited VALUES ('62.238.226.167', 0, 66, 00000000000000);
INSERT INTO visited VALUES ('62.238.226.167', 0, 65, 00000000000000);
INSERT INTO visited VALUES ('62.238.226.167', 0, 61, 00000000000000);
INSERT INTO visited VALUES ('62.238.226.167', 0, 1, 00000000000000);
INSERT INTO visited VALUES ('62.238.226.167', 0, 2, 00000000000000);
INSERT INTO visited VALUES ('62.238.226.167', 0, 3, 00000000000000);
INSERT INTO visited VALUES ('62.238.226.167', 0, 2, 00000000000000);
INSERT INTO visited VALUES ('62.238.226.167', 0, 1, 00000000000000);
INSERT INTO visited VALUES ('62.238.226.167', 0, 32, 00000000000000);
INSERT INTO visited VALUES ('62.238.226.167', 0, 33, 00000000000000);
INSERT INTO visited VALUES ('62.238.226.167', 0, 34, 00000000000000);
INSERT INTO visited VALUES ('62.238.226.167', 0, 35, 00000000000000);
INSERT INTO visited VALUES ('62.238.226.167', 0, 36, 00000000000000);
INSERT INTO visited VALUES ('62.238.226.167', 0, 37, 00000000000000);
INSERT INTO visited VALUES ('62.238.226.167', 0, 28, 00000000000000);
INSERT INTO visited VALUES ('62.238.226.167', 0, 29, 00000000000000);
INSERT INTO visited VALUES ('62.238.226.167', 0, 30, 00000000000000);
INSERT INTO visited VALUES ('62.238.226.167', 0, 31, 00000000000000);
INSERT INTO visited VALUES ('62.238.226.167', 0, 30, 00000000000000);
INSERT INTO visited VALUES ('62.238.226.167', 0, 29, 00000000000000);
INSERT INTO visited VALUES ('62.238.226.167', 0, 28, 00000000000000);
INSERT INTO visited VALUES ('62.238.226.167', 0, 75, 00000000000000);
INSERT INTO visited VALUES ('62.238.226.167', 0, 76, 00000000000000);
INSERT INTO visited VALUES ('62.238.226.167', 0, 77, 00000000000000);
INSERT INTO visited VALUES ('62.238.226.167', 0, 78, 00000000000000);
INSERT INTO visited VALUES ('62.238.226.167', 0, 77, 00000000000000);
INSERT INTO visited VALUES ('62.238.226.167', 0, 76, 00000000000000);
INSERT INTO visited VALUES ('62.238.226.167', 0, 16, 00000000000000);
INSERT INTO visited VALUES ('62.238.226.167', 0, 17, 00000000000000);
INSERT INTO visited VALUES ('62.238.226.167', 0, 38, 00000000000000);
INSERT INTO visited VALUES ('62.238.226.167', 0, 39, 00000000000000);
INSERT INTO visited VALUES ('62.238.226.167', 0, 40, 00000000000000);
INSERT INTO visited VALUES ('62.238.226.167', 0, 41, 00000000000000);
INSERT INTO visited VALUES ('62.238.226.167', 0, 42, 00000000000000);
INSERT INTO visited VALUES ('62.238.226.167', 0, 43, 00000000000000);
INSERT INTO visited VALUES ('62.238.226.167', 0, 44, 00000000000000);
INSERT INTO visited VALUES ('62.238.226.167', 0, 45, 00000000000000);
INSERT INTO visited VALUES ('62.238.226.167', 0, 95, 00000000000000);
INSERT INTO visited VALUES ('62.238.226.167', 0, 95, 00000000000000);
INSERT INTO visited VALUES ('62.238.226.167', 0, 86, 00000000000000);
INSERT INTO visited VALUES ('62.238.226.167', 0, 93, 00000000000000);
INSERT INTO visited VALUES ('62.238.226.167', 0, 93, 00000000000000);
INSERT INTO visited VALUES ('62.238.226.167', 0, 92, 00000000000000);
INSERT INTO visited VALUES ('62.238.226.167', 0, 91, 00000000000000);
INSERT INTO visited VALUES ('62.238.226.167', 0, 90, 00000000000000);
INSERT INTO visited VALUES ('62.238.226.167', 0, 89, 00000000000000);
INSERT INTO visited VALUES ('62.238.226.167', 0, 86, 00000000000000);
INSERT INTO visited VALUES ('62.238.226.167', 0, 87, 00000000000000);
INSERT INTO visited VALUES ('62.238.226.167', 0, 92, 00000000000000);
INSERT INTO visited VALUES ('62.238.226.167', 0, 89, 00000000000000);
INSERT INTO visited VALUES ('62.238.226.167', 0, 91, 00000000000000);
INSERT INTO visited VALUES ('62.238.226.167', 0, 92, 00000000000000);
INSERT INTO visited VALUES ('62.238.226.167', 0, 89, 00000000000000);
INSERT INTO visited VALUES ('62.238.226.167', 0, 93, 00000000000000);
INSERT INTO visited VALUES ('62.238.226.167', 0, 32, 00000000000000);
INSERT INTO visited VALUES ('62.238.226.167', 0, 33, 00000000000000);
INSERT INTO visited VALUES ('62.238.226.167', 0, 34, 00000000000000);
INSERT INTO visited VALUES ('62.238.226.167', 0, 49, 00000000000000);
INSERT INTO visited VALUES ('62.238.226.167', 0, 35, 00000000000000);
INSERT INTO visited VALUES ('62.238.226.167', 0, 37, 00000000000000);
INSERT INTO visited VALUES ('62.238.226.167', 0, 36, 00000000000000);
INSERT INTO visited VALUES ('62.238.226.167', 0, 47, 00000000000000);
INSERT INTO visited VALUES ('62.238.226.167', 0, 28, 00000000000000);
INSERT INTO visited VALUES ('62.238.226.167', 0, 30, 00000000000000);
INSERT INTO visited VALUES ('62.238.226.167', 0, 31, 00000000000000);
INSERT INTO visited VALUES ('62.238.226.167', 0, 50, 00000000000000);
INSERT INTO visited VALUES ('62.238.226.167', 0, 38, 00000000000000);
INSERT INTO visited VALUES ('62.238.226.167', 0, 39, 00000000000000);
INSERT INTO visited VALUES ('62.238.226.167', 0, 95, 00000000000000);
INSERT INTO visited VALUES ('62.238.226.167', 0, 40, 00000000000000);
INSERT INTO visited VALUES ('62.238.226.167', 0, 45, 00000000000000);
INSERT INTO visited VALUES ('62.238.226.167', 0, 53, 00000000000000);
INSERT INTO visited VALUES ('62.238.226.167', 0, 55, 00000000000000);
INSERT INTO visited VALUES ('62.238.226.167', 0, 57, 00000000000000);
INSERT INTO visited VALUES ('62.238.226.167', 0, 60, 00000000000000);
INSERT INTO visited VALUES ('62.238.226.167', 0, 67, 00000000000000);
INSERT INTO visited VALUES ('62.238.226.167', 0, 66, 00000000000000);
INSERT INTO visited VALUES ('62.238.226.167', 0, 57, 00000000000000);
INSERT INTO visited VALUES ('62.238.226.167', 0, 65, 00000000000000);
INSERT INTO visited VALUES ('62.238.226.167', 0, 61, 00000000000000);
INSERT INTO visited VALUES ('62.238.226.167', 0, 65, 00000000000000);
INSERT INTO visited VALUES ('62.238.226.167', 0, 67, 00000000000000);
INSERT INTO visited VALUES ('62.238.226.167', 0, 71, 00000000000000);
INSERT INTO visited VALUES ('62.238.226.167', 0, 69, 00000000000000);
INSERT INTO visited VALUES ('62.238.226.167', 0, 5, 00000000000000);
INSERT INTO visited VALUES ('62.238.226.167', 0, 7, 00000000000000);
INSERT INTO visited VALUES ('62.238.226.167', 0, 10, 00000000000000);
INSERT INTO visited VALUES ('62.238.226.167', 0, 9, 00000000000000);
INSERT INTO visited VALUES ('62.238.226.167', 0, 50, 00000000000000);
INSERT INTO visited VALUES ('62.238.226.167', 0, 47, 00000000000000);
INSERT INTO visited VALUES ('62.238.226.167', 0, 49, 00000000000000);
INSERT INTO visited VALUES ('62.238.226.167', 0, 95, 00000000000000);
INSERT INTO visited VALUES ('62.238.226.167', 0, 84, 00000000000000);
INSERT INTO visited VALUES ('62.238.226.167', 0, 95, 00000000000000);
INSERT INTO visited VALUES ('62.238.226.167', 0, 47, 00000000000000);
INSERT INTO visited VALUES ('62.238.226.167', 0, 48, 00000000000000);
INSERT INTO visited VALUES ('62.238.226.167', 0, 49, 00000000000000);
INSERT INTO visited VALUES ('62.238.226.167', 0, 50, 00000000000000);
INSERT INTO visited VALUES ('62.238.226.167', 0, 95, 00000000000000);
INSERT INTO visited VALUES ('62.238.226.167', 0, 50, 00000000000000);
INSERT INTO visited VALUES ('62.238.226.167', 0, 49, 00000000000000);
INSERT INTO visited VALUES ('62.238.226.167', 0, 49, 00000000000000);
INSERT INTO visited VALUES ('62.238.226.167', 0, 48, 00000000000000);
INSERT INTO visited VALUES ('62.238.226.167', 0, 47, 00000000000000);
INSERT INTO visited VALUES ('62.238.226.167', 0, 61, 00000000000000);
INSERT INTO visited VALUES ('62.238.226.167', 0, 67, 00000000000000);
INSERT INTO visited VALUES ('62.238.226.167', 0, 69, 00000000000000);
INSERT INTO visited VALUES ('62.238.226.167', 0, 71, 00000000000000);
INSERT INTO visited VALUES ('62.238.226.167', 0, 69, 00000000000000);
INSERT INTO visited VALUES ('62.238.226.167', 0, 71, 00000000000000);
INSERT INTO visited VALUES ('62.238.226.167', 0, 69, 00000000000000);
INSERT INTO visited VALUES ('62.238.226.167', 0, 67, 00000000000000);
INSERT INTO visited VALUES ('62.238.226.167', 0, 29, 00000000000000);
INSERT INTO visited VALUES ('62.238.235.156', 0, 2, 00000000000000);
INSERT INTO visited VALUES ('62.238.226.167', 0, 29, 00000000000000);
INSERT INTO visited VALUES ('62.238.226.167', 0, 28, 00000000000000);
INSERT INTO visited VALUES ('62.238.226.167', 0, 84, 00000000000000);
INSERT INTO visited VALUES ('62.238.226.167', 0, 81, 00000000000000);
INSERT INTO visited VALUES ('62.238.226.167', 0, 90, 00000000000000);
INSERT INTO visited VALUES ('195.241.127.171', 0, 1, 00000000000000);
INSERT INTO visited VALUES ('195.241.127.171', 0, 2, 00000000000000);
INSERT INTO visited VALUES ('195.241.127.171', 0, 3, 00000000000000);
INSERT INTO visited VALUES ('195.241.127.171', 0, 2, 00000000000000);
INSERT INTO visited VALUES ('195.241.127.171', 0, 1, 00000000000000);
INSERT INTO visited VALUES ('195.241.127.171', 0, 75, 00000000000000);
INSERT INTO visited VALUES ('195.241.127.171', 0, 76, 00000000000000);
INSERT INTO visited VALUES ('195.241.127.171', 0, 77, 00000000000000);
INSERT INTO visited VALUES ('195.241.127.171', 0, 78, 00000000000000);
INSERT INTO visited VALUES ('195.241.127.171', 0, 32, 00000000000000);
INSERT INTO visited VALUES ('195.241.127.171', 0, 33, 00000000000000);
INSERT INTO visited VALUES ('195.241.127.171', 0, 34, 00000000000000);
INSERT INTO visited VALUES ('195.241.127.171', 0, 35, 00000000000000);
INSERT INTO visited VALUES ('195.241.127.171', 0, 36, 00000000000000);
INSERT INTO visited VALUES ('195.241.127.171', 0, 37, 00000000000000);
INSERT INTO visited VALUES ('62.238.235.48', 0, 28, 00000000000000);
INSERT INTO visited VALUES ('62.238.235.48', 0, 29, 00000000000000);
INSERT INTO visited VALUES ('62.238.235.48', 0, 30, 00000000000000);
INSERT INTO visited VALUES ('62.238.235.48', 0, 31, 00000000000000);
INSERT INTO visited VALUES ('62.238.235.48', 0, 30, 00000000000000);
INSERT INTO visited VALUES ('62.238.235.48', 0, 29, 00000000000000);
INSERT INTO visited VALUES ('62.238.235.48', 0, 6, 00000000000000);
INSERT INTO visited VALUES ('62.238.235.48', 0, 57, 00000000000000);
INSERT INTO visited VALUES ('62.238.235.48', 0, 61, 00000000000000);
INSERT INTO visited VALUES ('62.238.235.48', 0, 67, 00000000000000);
INSERT INTO visited VALUES ('62.238.235.48', 0, 1, 00000000000000);
INSERT INTO visited VALUES ('62.238.235.48', 0, 2, 00000000000000);
INSERT INTO visited VALUES ('62.238.235.48', 0, 3, 00000000000000);
INSERT INTO visited VALUES ('62.238.235.48', 0, 3, 00000000000000);
INSERT INTO visited VALUES ('62.238.235.48', 0, 2, 00000000000000);
INSERT INTO visited VALUES ('62.238.235.48', 0, 1, 00000000000000);
INSERT INTO visited VALUES ('62.238.235.48', 0, 69, 00000000000000);
INSERT INTO visited VALUES ('62.238.235.48', 0, 71, 00000000000000);
INSERT INTO visited VALUES ('62.238.235.48', 0, 69, 00000000000000);
INSERT INTO visited VALUES ('62.238.235.48', 0, 75, 00000000000000);
INSERT INTO visited VALUES ('62.238.235.48', 0, 76, 00000000000000);
INSERT INTO visited VALUES ('62.238.235.48', 0, 77, 00000000000000);
INSERT INTO visited VALUES ('62.238.235.48', 0, 78, 00000000000000);
INSERT INTO visited VALUES ('62.238.235.48', 0, 81, 00000000000000);
INSERT INTO visited VALUES ('62.238.235.48', 0, 84, 00000000000000);
INSERT INTO visited VALUES ('62.238.235.48', 0, 81, 00000000000000);
INSERT INTO visited VALUES ('62.238.235.48', 0, 78, 00000000000000);
INSERT INTO visited VALUES ('62.238.235.48', 0, 77, 00000000000000);
INSERT INTO visited VALUES ('62.238.235.48', 0, 76, 00000000000000);
INSERT INTO visited VALUES ('62.238.235.48', 0, 75, 00000000000000);
INSERT INTO visited VALUES ('62.238.235.48', 0, 34, 00000000000000);
INSERT INTO visited VALUES ('62.238.235.48', 0, 34, 00000000000000);
INSERT INTO visited VALUES ('62.238.235.48', 0, 37, 00000000000000);
INSERT INTO visited VALUES ('62.238.235.48', 0, 36, 00000000000000);
INSERT INTO visited VALUES ('62.238.235.48', 0, 35, 00000000000000);
INSERT INTO visited VALUES ('62.238.235.48', 0, 36, 00000000000000);
INSERT INTO visited VALUES ('62.238.235.48', 0, 37, 00000000000000);
INSERT INTO visited VALUES ('62.238.235.48', 0, 34, 00000000000000);
INSERT INTO visited VALUES ('62.238.235.48', 0, 46, 00000000000000);
INSERT INTO visited VALUES ('62.238.235.48', 0, 50, 00000000000000);
INSERT INTO visited VALUES ('62.238.235.48', 0, 47, 00000000000000);
INSERT INTO visited VALUES ('62.238.235.48', 0, 48, 00000000000000);
INSERT INTO visited VALUES ('62.238.235.48', 0, 49, 00000000000000);
INSERT INTO visited VALUES ('62.238.235.48', 0, 95, 00000000000000);
INSERT INTO visited VALUES ('212.178.7.52', 0, 95, 00000000000000);
INSERT INTO visited VALUES ('212.178.7.52', 0, 46, 00000000000000);
INSERT INTO visited VALUES ('62.195.214.226', 0, 75, 00000000000000);
INSERT INTO visited VALUES ('62.195.214.226', 0, 76, 00000000000000);
INSERT INTO visited VALUES ('62.195.214.226', 0, 77, 00000000000000);
INSERT INTO visited VALUES ('62.195.214.226', 0, 78, 00000000000000);
INSERT INTO visited VALUES ('62.195.214.226', 0, 85, 00000000000000);
INSERT INTO visited VALUES ('62.195.214.226', 0, 81, 00000000000000);
INSERT INTO visited VALUES ('62.195.214.226', 0, 83, 00000000000000);
INSERT INTO visited VALUES ('62.195.214.226', 0, 32, 00000000000000);
INSERT INTO visited VALUES ('62.195.214.226', 0, 33, 00000000000000);
INSERT INTO visited VALUES ('62.195.214.226', 0, 34, 00000000000000);
INSERT INTO visited VALUES ('62.195.214.226', 0, 35, 00000000000000);
INSERT INTO visited VALUES ('62.195.214.226', 0, 36, 00000000000000);
INSERT INTO visited VALUES ('62.195.214.226', 0, 37, 00000000000000);
INSERT INTO visited VALUES ('62.195.214.226', 0, 12, 00000000000000);
INSERT INTO visited VALUES ('62.195.214.226', 0, 14, 00000000000000);
INSERT INTO visited VALUES ('62.195.214.226', 0, 28, 00000000000000);
INSERT INTO visited VALUES ('62.195.214.226', 0, 29, 00000000000000);
INSERT INTO visited VALUES ('62.195.214.226', 0, 30, 00000000000000);
INSERT INTO visited VALUES ('62.195.214.226', 0, 31, 00000000000000);
INSERT INTO visited VALUES ('62.195.214.226', 0, 46, 00000000000000);
INSERT INTO visited VALUES ('62.195.214.226', 0, 47, 00000000000000);
INSERT INTO visited VALUES ('62.195.214.226', 0, 48, 00000000000000);
INSERT INTO visited VALUES ('62.195.214.226', 0, 49, 00000000000000);
INSERT INTO visited VALUES ('62.195.214.226', 0, 50, 00000000000000);
INSERT INTO visited VALUES ('62.195.214.226', 0, 95, 00000000000000);
INSERT INTO visited VALUES ('62.195.214.226', 0, 86, 00000000000000);
INSERT INTO visited VALUES ('62.195.214.226', 0, 87, 00000000000000);
INSERT INTO visited VALUES ('62.195.214.226', 0, 50, 00000000000000);
INSERT INTO visited VALUES ('62.195.214.226', 0, 48, 00000000000000);
INSERT INTO visited VALUES ('62.195.214.226', 0, 95, 00000000000000);
INSERT INTO visited VALUES ('62.195.214.226', 0, 46, 00000000000000);
INSERT INTO visited VALUES ('62.195.214.226', 0, 95, 00000000000000);
INSERT INTO visited VALUES ('62.195.214.226', 0, 47, 00000000000000);
INSERT INTO visited VALUES ('62.195.214.226', 0, 46, 00000000000000);
INSERT INTO visited VALUES ('62.195.214.226', 0, 61, 00000000000000);
INSERT INTO visited VALUES ('62.195.214.226', 0, 66, 00000000000000);
INSERT INTO visited VALUES ('62.195.214.226', 0, 53, 00000000000000);
INSERT INTO visited VALUES ('62.195.214.226', 0, 69, 00000000000000);
INSERT INTO visited VALUES ('62.195.214.226', 0, 71, 00000000000000);
INSERT INTO visited VALUES ('62.195.214.226', 0, 38, 00000000000000);
INSERT INTO visited VALUES ('62.195.214.226', 0, 39, 00000000000000);
INSERT INTO visited VALUES ('62.238.225.106', 0, 32, 20030326185446);
INSERT INTO visited VALUES ('62.238.225.106', 0, 28, 20030326185533);
INSERT INTO visited VALUES ('62.238.225.106', 0, 33, 20030326185710);
INSERT INTO visited VALUES ('62.238.225.106', 0, 34, 20030326185740);
INSERT INTO visited VALUES ('62.238.225.106', 0, 93, 20030326185817);
INSERT INTO visited VALUES ('62.238.225.106', 0, 35, 20030326185947);
INSERT INTO visited VALUES ('62.238.225.106', 0, 95, 20030326190056);
INSERT INTO visited VALUES ('62.238.225.106', 0, 50, 20030326190123);
INSERT INTO visited VALUES ('62.238.225.106', 0, 47, 20030326190139);
INSERT INTO visited VALUES ('62.238.225.106', 0, 75, 20030326190223);
INSERT INTO visited VALUES ('62.238.225.106', 0, 76, 20030326190237);
INSERT INTO visited VALUES ('62.238.225.106', 0, 77, 20030326190250);
INSERT INTO visited VALUES ('62.238.225.106', 0, 85, 20030326190259);
INSERT INTO visited VALUES ('62.238.225.106', 0, 86, 20030326190417);
INSERT INTO visited VALUES ('62.238.225.106', 0, 94, 20030326190510);
INSERT INTO visited VALUES ('62.195.214.226', 0, 49, 20030326190756);
INSERT INTO visited VALUES ('62.195.214.226', 0, 48, 20030326205610);
INSERT INTO visited VALUES ('62.195.214.226', 0, 95, 20030326205635);
INSERT INTO visited VALUES ('62.195.214.226', 0, 47, 20030326205642);
INSERT INTO visited VALUES ('62.195.214.226', 0, 46, 20030326205649);
INSERT INTO visited VALUES ('62.195.214.226', 0, 49, 20030326205703);
INSERT INTO visited VALUES ('62.195.214.226', 0, 50, 20030326205713);
INSERT INTO visited VALUES ('62.238.235.199', 0, 32, 20030326220256);
INSERT INTO visited VALUES ('62.238.235.199', 0, 33, 20030326220333);
INSERT INTO visited VALUES ('62.238.235.199', 0, 33, 20030326220336);
INSERT INTO visited VALUES ('62.238.235.199', 0, 34, 20030326220511);
INSERT INTO visited VALUES ('62.238.235.199', 0, 34, 20030326220515);
INSERT INTO visited VALUES ('62.238.235.199', 0, 35, 20030326220627);
INSERT INTO visited VALUES ('62.238.235.199', 0, 35, 20030326220631);
INSERT INTO visited VALUES ('62.238.235.199', 0, 36, 20030326220801);
INSERT INTO visited VALUES ('62.238.235.199', 0, 36, 20030326220809);
INSERT INTO visited VALUES ('62.238.235.199', 0, 37, 20030326220819);
INSERT INTO visited VALUES ('62.238.235.199', 0, 95, 20030326221035);
INSERT INTO visited VALUES ('62.238.235.199', 0, 38, 20030326221110);
INSERT INTO visited VALUES ('62.238.235.199', 0, 42, 20030326221128);
INSERT INTO visited VALUES ('62.238.235.199', 0, 39, 20030326221221);
INSERT INTO visited VALUES ('62.195.214.226', 0, 86, 20030326221240);
INSERT INTO visited VALUES ('62.238.235.199', 0, 85, 20030326221243);
INSERT INTO visited VALUES ('62.195.214.226', 0, 87, 20030326221245);
INSERT INTO visited VALUES ('62.195.214.226', 0, 88, 20030326221248);
INSERT INTO visited VALUES ('62.238.235.199', 0, 84, 20030326221248);
INSERT INTO visited VALUES ('62.195.214.226', 0, 89, 20030326221255);
INSERT INTO visited VALUES ('62.195.214.226', 0, 90, 20030326221259);
INSERT INTO visited VALUES ('62.195.214.226', 0, 91, 20030326221302);
INSERT INTO visited VALUES ('62.195.214.226', 0, 92, 20030326221307);
INSERT INTO visited VALUES ('62.195.214.226', 0, 93, 20030326221311);
INSERT INTO visited VALUES ('62.195.214.226', 0, 94, 20030326221315);
INSERT INTO visited VALUES ('62.238.235.199', 0, 93, 20030326221324);
INSERT INTO visited VALUES ('62.195.214.226', 0, 37, 20030326221335);
INSERT INTO visited VALUES ('62.195.214.226', 0, 36, 20030326221346);
INSERT INTO visited VALUES ('62.238.235.199', 0, 88, 20030326221350);
INSERT INTO visited VALUES ('62.195.214.226', 0, 35, 20030326221358);
INSERT INTO visited VALUES ('62.238.235.199', 0, 91, 20030326221359);
INSERT INTO visited VALUES ('62.195.214.226', 0, 32, 20030326221401);
INSERT INTO visited VALUES ('62.238.235.199', 0, 90, 20030326221410);
INSERT INTO visited VALUES ('62.238.235.199', 0, 89, 20030326221420);
INSERT INTO visited VALUES ('62.238.222.239', 0, 12, 20030326225912);
INSERT INTO visited VALUES ('62.238.222.239', 0, 13, 20030326225916);
INSERT INTO visited VALUES ('62.238.222.239', 0, 14, 20030326225922);
INSERT INTO visited VALUES ('62.238.222.239', 0, 15, 20030326225933);
INSERT INTO visited VALUES ('62.238.222.239', 0, 16, 20030326225945);
INSERT INTO visited VALUES ('62.238.222.239', 0, 17, 20030326225946);
INSERT INTO visited VALUES ('62.238.222.239', 0, 18, 20030326225953);
INSERT INTO visited VALUES ('62.195.214.226', 0, 46, 20030327001731);
INSERT INTO visited VALUES ('62.195.214.226', 0, 47, 20030327001743);
INSERT INTO visited VALUES ('62.195.214.226', 0, 48, 20030327001748);
INSERT INTO visited VALUES ('62.195.214.226', 0, 49, 20030327001805);
INSERT INTO visited VALUES ('62.195.214.226', 0, 50, 20030327001810);
INSERT INTO visited VALUES ('62.195.214.226', 0, 95, 20030327001813);
INSERT INTO visited VALUES ('62.195.214.226', 0, 37, 20030327001828);
INSERT INTO visited VALUES ('62.195.214.226', 0, 36, 20030327001833);
INSERT INTO visited VALUES ('62.195.214.226', 0, 35, 20030327001839);
INSERT INTO visited VALUES ('62.195.214.226', 0, 34, 20030327001852);
INSERT INTO visited VALUES ('62.195.214.226', 0, 33, 20030327001857);
INSERT INTO visited VALUES ('62.195.214.226', 0, 53, 20030327001907);
INSERT INTO visited VALUES ('62.195.214.226', 0, 55, 20030327001920);
INSERT INTO visited VALUES ('62.195.214.226', 0, 57, 20030327001921);
INSERT INTO visited VALUES ('62.195.214.226', 0, 60, 20030327001923);
INSERT INTO visited VALUES ('62.195.214.226', 0, 61, 20030327001927);
INSERT INTO visited VALUES ('62.195.214.226', 0, 65, 20030327001930);
INSERT INTO visited VALUES ('62.195.214.226', 0, 66, 20030327001933);
INSERT INTO visited VALUES ('62.195.214.226', 0, 67, 20030327001937);
INSERT INTO visited VALUES ('62.195.214.226', 0, 69, 20030327001941);
INSERT INTO visited VALUES ('62.195.214.226', 0, 71, 20030327001946);
INSERT INTO visited VALUES ('62.195.214.226', 0, 38, 20030327002008);
INSERT INTO visited VALUES ('62.195.214.226', 0, 39, 20030327002024);
INSERT INTO visited VALUES ('62.195.214.226', 0, 40, 20030327002028);
INSERT INTO visited VALUES ('62.195.214.226', 0, 41, 20030327002031);
INSERT INTO visited VALUES ('62.195.214.226', 0, 42, 20030327002034);
INSERT INTO visited VALUES ('62.195.214.226', 0, 43, 20030327002037);
INSERT INTO visited VALUES ('62.195.214.226', 0, 44, 20030327002045);
INSERT INTO visited VALUES ('62.195.214.226', 0, 45, 20030327002048);
INSERT INTO visited VALUES ('62.195.214.226', 0, 31, 20030327002058);
INSERT INTO visited VALUES ('62.195.214.226', 0, 30, 20030327002105);
INSERT INTO visited VALUES ('62.195.214.226', 0, 29, 20030327002110);
INSERT INTO visited VALUES ('62.195.214.226', 0, 28, 20030327002115);
INSERT INTO visited VALUES ('62.195.214.226', 0, 14, 20030327002134);
INSERT INTO visited VALUES ('62.195.214.226', 0, 13, 20030327002140);
INSERT INTO visited VALUES ('62.195.214.226', 0, 12, 20030327002154);
INSERT INTO visited VALUES ('62.195.214.226', 0, 15, 20030327002204);
INSERT INTO visited VALUES ('62.195.214.226', 0, 16, 20030327002219);
INSERT INTO visited VALUES ('62.195.214.226', 0, 17, 20030327002223);
INSERT INTO visited VALUES ('62.195.214.226', 0, 18, 20030327002229);
INSERT INTO visited VALUES ('62.195.214.226', 0, 11, 20030327002232);
INSERT INTO visited VALUES ('62.195.214.226', 0, 32, 20030327171920);
INSERT INTO visited VALUES ('62.195.214.226', 0, 33, 20030327171939);
INSERT INTO visited VALUES ('62.195.214.226', 0, 34, 20030327171944);
INSERT INTO visited VALUES ('62.195.214.226', 0, 35, 20030327171951);
INSERT INTO visited VALUES ('62.195.214.226', 0, 36, 20030327171953);
INSERT INTO visited VALUES ('62.195.214.226', 0, 37, 20030327171957);
INSERT INTO visited VALUES ('62.195.214.226', 0, 46, 20030327172118);
INSERT INTO visited VALUES ('62.195.214.226', 0, 47, 20030327172140);
INSERT INTO visited VALUES ('62.195.214.226', 0, 48, 20030327172146);

